{"cameraMode":{"drawMode":0,"name":"Shaded","section":"Shading Mode"},"sceneLighting":true,"audioPlay":false,"sceneViewState":{"showFog":true,"showMaterialUpdate":false,"showSkybox":true,"showFlares":true,"showImageEffects":true,"showParticleSystems":true},"in2DMode":false,"pivot":{"x":-12.137337684631348,"y":0.9091273546218872,"z":9.703367233276368},"rotation":{"x":0.042885422706604007,"y":0.6127128005027771,"z":-0.033281728625297549,"w":0.7884743213653565},"size":11.39050006866455,"orthographic":false}