{"cameraMode":{"drawMode":0,"name":"Shaded","section":"Shading Mode"},"sceneLighting":true,"audioPlay":false,"sceneViewState":{"showFog":true,"showMaterialUpdate":false,"showSkybox":true,"showFlares":true,"showImageEffects":true,"showParticleSystems":true},"in2DMode":false,"pivot":{"x":548.4166870117188,"y":109.42947387695313,"z":-247.69801330566407},"rotation":{"x":0.21621976792812348,"y":0.03718796372413635,"z":0.008167559280991555,"w":-0.9756417870521545},"size":10.0,"orthographic":false}